{
  "name": "GARP Conservative",
  "description": "Mayor énfasis en solidez financiera y valuación",
  "version": "1.0.0",
  "extends": "default",
  
  "operability": {
    "market_cap_min": 5000000000,
    "avg_volume_min": 500000,
    "price_min": 10
  },
  
  "valuation": {
    "pe_ratio": {"min": 0, "max": 25},
    "peg_ratio": {"min": null, "max": 0.8}
  },
  
  "growth": {
    "eps_growth_5y": {"min": 5, "max": null}
  },
  
  "profitability": {
    "roe": {"min": 18, "max": null},
    "roa": {"min": 8, "max": null}
  },
  
  "liquidity": {
    "current_ratio": {"min": 2, "max": null},
    "quick_ratio": {"min": 1.2, "max": null}
  },
  
  "solvency": {
    "debt_to_equity": {"min": null, "max": 0.3}
  }
}
