{
  "name": "GARP Standard",
  "description": "Growth At Reasonable Price - Configuración estándar",
  "version": "1.0.0",
  
  "operability": {
    "market_cap_min": 2000000000,
    "avg_volume_min": 300000,
    "price_min": 5,
    "exchange": ["NYSE", "NASDAQ"],
    "exclude_sectors": ["Utilities"],
    "exclude_industries": []
  },
  
  "valuation": {
    "pe_ratio": {
      "min": 0,
      "max": null,
      "description": "P/E positivo (empresa rentable)"
    },
    "peg_ratio": {
      "min": null,
      "max": 1,
      "description": "PEG < 1 (crecimiento justifica valuación)"
    }
  },
  
  "growth": {
    "eps_growth_5y": {
      "min": 0,
      "max": null,
      "description": "Crecimiento EPS proyectado positivo"
    },
    "revenue_growth_5y": {
      "min": null,
      "max": null,
      "description": "Opcional - crecimiento de ingresos"
    }
  },
  
  "profitability": {
    "roe": {
      "min": 15,
      "max": null,
      "description": "ROE > 15% (alta rentabilidad)"
    },
    "roa": {
      "min": null,
      "max": null,
      "description": "Opcional"
    },
    "gross_margin": {
      "min": null,
      "max": null,
      "description": "Opcional"
    }
  },
  
  "liquidity": {
    "current_ratio": {
      "min": 1.5,
      "max": null,
      "description": "Liquidez holgada"
    },
    "quick_ratio": {
      "min": 1,
      "max": null,
      "description": "Liquidez conservadora"
    }
  },
  
  "solvency": {
    "debt_to_equity": {
      "min": null,
      "max": 0.5,
      "description": "Bajo apalancamiento"
    },
    "interest_coverage": {
      "min": null,
      "max": null,
      "description": "Opcional"
    }
  },
  
  "scoring": {
    "enabled": true,
    "weights": {
      "valuation": 0.25,
      "growth": 0.25,
      "profitability": 0.25,
      "financial_health": 0.25
    }
  },
  
  "output": {
    "max_results": 100,
    "sort_by": "score",
    "sort_order": "desc",
    "include_metrics": true
  }
}
